ID;Nome;Idade;Cidade;Produto;Preço;Quantidade;Data_Compra;Valor_Total_Compra
1;Mariana;48,0;FORTALEZA;Tablet;2010,87;7;2024-05-30;2010,872010,872010,872010,872010,872010,872010,87
3;Ana;54,0;RIO DE JANEIRO;Monitor;3619.29;2;2022-12-10;3619.293619.29
4;Carlos;62,0;CURITIBA;Teclado;40415.9;8;2022-12-31;40415.940415.940415.940415.940415.940415.940415.940415.9
5;Mariana;60,0;CURITIBA;Notebook;716.66;8;2023-09-14;716.66716.66716.66716.66716.66716.66716.66716.66
6;Mariana;18,0;SALVADOR;Headset;2388.44;8;2024-02-23;2388.442388.442388.442388.442388.442388.442388.442388.44
7;Ana;61,0;PORTO ALEGRE;Headset;2363.09;4;2025-02-28;2363.092363.092363.092363.09
8;João;21,0;SÃO PAULO;Monitor;2080.54;10;2024-01-01;2080.542080.542080.542080.542080.542080.542080.542080.542080.542080.54
9;Carlos;65,0;CURITIBA;Tablet;4229,63;3;2023-12-26;4229,634229,634229,63
10;Maria;36,0;MANAUS;Notebook;3101.25;7;2024-05-18;3101.253101.253101.253101.253101.253101.253101.25
11;Fernanda;32,0;BELO HORIZONTE;Headset;1515.12;1;2023-11-21;1515.12
12;Maria;40,0;CURITIBA;Mouse;4096.38;4;2023-07-24;4096.384096.384096.384096.38
15;Carlos;67,0;FORTALEZA;Tablet;971.26;10;2024-01-29;971.26971.26971.26971.26971.26971.26971.26971.26971.26971.26
16;Julia;26,0;SÃO PAULO;Smartphone;4495.69;10;2024-06-09;4495.694495.694495.694495.694495.694495.694495.694495.694495.694495.69
17;Pedro;58,0;RIO DE JANEIRO;Tablet;837.51;3;2024-03-10;837.51837.51837.51
18;Fernanda;37,0;FORTALEZA;Mouse;4901,19;3;2023-11-12;4901,194901,194901,19
19;Julia;20,0;SÃO PAULO;Notebook;4933.74;9;2023-11-13;4933.744933.744933.744933.744933.744933.744933.744933.744933.74
20;Julia;64,0;FORTALEZA;Monitor;3670.27;1;2024-02-29;3670.27
21;Carlos;36,0;SALVADOR;Teclado;3441.36;10;2024-10-15;3441.363441.363441.363441.363441.363441.363441.363441.363441.363441.36
22;Lucas;44,0;MANAUS;Teclado;2453.9;3;2023-02-10;2453.92453.92453.9
24;Lucas;41,0;SALVADOR;Smartphone;4884.79;3;2024-04-22;4884.794884.794884.79
25;João;35,0;RIO DE JANEIRO;Teclado;2993.51;5;2024-02-23;2993.512993.512993.512993.512993.51
26;Fernanda;34,0;MANAUS;Monitor;2930.56;3;2025-01-08;2930.562930.562930.56
27;Ana;48,0;BELO HORIZONTE;Notebook;1838.3;9;2023-05-27;1838.31838.31838.31838.31838.31838.31838.31838.31838.3
28;Bruno;36,0;SALVADOR;Notebook;2268.06;7;2025-05-29;2268.062268.062268.062268.062268.062268.062268.06
29;Ana;39,0;MANAUS;Mouse;2709.27;10;2024-06-02;2709.272709.272709.272709.272709.272709.272709.272709.272709.272709.27
32;João;32,0;MANAUS;Smartphone;4207.54;5;2024-07-02;4207.544207.544207.544207.544207.54
33;Ana;64,0;CURITIBA;Notebook;2661.48;2;2024-12-05;2661.482661.48
34;Ana;43,0;MANAUS;Headset;1431.29;4;2025-03-22;1431.291431.291431.291431.29
35;Pedro;69,0;CURITIBA;Tablet;4896.76;8;2024-10-22;4896.764896.764896.764896.764896.764896.764896.764896.76
36;Pedro;23,0;FORTALEZA;Headset;1019.79;10;2025-08-18;1019.791019.791019.791019.791019.791019.791019.791019.791019.791019.79
37;Ana;18,0;SALVADOR;Smartphone;2619.25;8;2025-08-28;2619.252619.252619.252619.252619.252619.252619.252619.25
38;Mariana;25,0;FORTALEZA;Smartphone;1692.52;8;2024-03-11;1692.521692.521692.521692.521692.521692.521692.521692.52
39;Maria;61,0;SALVADOR;Mouse;2243.87;3;2023-05-17;2243.872243.872243.87
40;Pedro;34,0;FORTALEZA;Notebook;2216.5;4;2023-07-14;2216.52216.52216.52216.5
41;Maria;70,0;SALVADOR;Monitor;700.78;7;2023-04-13;700.78700.78700.78700.78700.78700.78700.78
42;Fernanda;41,0;MANAUS;Mouse;1685.3;10;2025-04-11;1685.31685.31685.31685.31685.31685.31685.31685.31685.31685.3
43;João;32,0;CURITIBA;Teclado;3039.11;3;2024-09-10;3039.113039.113039.11
44;Mariana;57,0;FORTALEZA;Teclado;3634.12;10;2024-11-08;3634.123634.123634.123634.123634.123634.123634.123634.123634.123634.12
45;Pedro;53,0;PORTO ALEGRE;Teclado;3506.64;3;2024-05-05;3506.643506.643506.64
46;Fernanda;57,0;PORTO ALEGRE;Headset;2362.94;10;2024-02-28;2362.942362.942362.942362.942362.942362.942362.942362.942362.942362.94
47;Lucas;22,0;BELO HORIZONTE;Smartphone;1523.81;9;2025-08-20;1523.811523.811523.811523.811523.811523.811523.811523.811523.81
49;Maria;37,0;RIO DE JANEIRO;Smartphone;2851.62;3;2023-01-27;2851.622851.622851.62
50;Mariana;25,0;MANAUS;Headset;3591.81;6;2024-04-12;3591.813591.813591.813591.813591.813591.81
51;Mariana;20,0;MANAUS;Teclado;3077.21;8;2023-01-02;3077.213077.213077.213077.213077.213077.213077.213077.21
52;João;49,0;FORTALEZA;Tablet;1844.83;10;2023-07-17;1844.831844.831844.831844.831844.831844.831844.831844.831844.831844.83
53;Maria;33,0;FORTALEZA;Tablet;4342.73;10;2024-04-27;4342.734342.734342.734342.734342.734342.734342.734342.734342.734342.73
55;João;41,0;SALVADOR;Notebook;2825.68;4;2025-08-19;2825.682825.682825.682825.68
56;Mariana;65,0;SÃO PAULO;Monitor;4922.4;7;2023-07-06;4922.44922.44922.44922.44922.44922.44922.4
57;Ana;52,0;CURITIBA;Tablet;4771.65;7;2024-06-14;4771.654771.654771.654771.654771.654771.654771.65
58;Lucas;65,0;RIO DE JANEIRO;Notebook;4770.78;3;2023-06-03;4770.784770.784770.78
59;Mariana;44,0;BELO HORIZONTE;Monitor;1453.51;2;2024-11-02;1453.511453.51
60;Carlos;49,0;BELO HORIZONTE;Teclado;692.04;1;2023-12-26;692.04
61;Carlos;35,0;MANAUS;Notebook;3574.06;4;2025-01-04;3574.063574.063574.063574.06
62;Pedro;44,0;SALVADOR;Smartphone;4201.54;9;2023-06-05;4201.544201.544201.544201.544201.544201.544201.544201.544201.54
63;João;46,0;FORTALEZA;Smartphone;3177.71;9;2025-08-21;3177.713177.713177.713177.713177.713177.713177.713177.713177.71
64;Mariana;33,0;SÃO PAULO;Mouse;3771.96;7;2024-02-14;3771.963771.963771.963771.963771.963771.963771.96
65;Pedro;24,0;RIO DE JANEIRO;Monitor;891.62;3;2024-08-11;891.62891.62891.62
66;João;41,0;SALVADOR;Notebook;2984.24;10;2025-02-16;2984.242984.242984.242984.242984.242984.242984.242984.242984.242984.24
67;Lucas;59,0;SÃO PAULO;Headset;2838.6;2;2024-07-03;2838.62838.6
68;Mariana;43,0;BELO HORIZONTE;Notebook;555.64;3;2023-03-09;555.64555.64555.64
69;João;25,0;BELO HORIZONTE;Headset;3144.09;8;2024-02-01;3144.093144.093144.093144.093144.093144.093144.093144.09
70;Mariana;70,0;SÃO PAULO;Mouse;1006,33;10;2024-06-07;1006,331006,331006,331006,331006,331006,331006,331006,331006,331006,33
71;Ana;60,0;PORTO ALEGRE;Tablet;3049.67;10;2024-07-20;3049.673049.673049.673049.673049.673049.673049.673049.673049.673049.67
72;Julia;58,0;BELO HORIZONTE;Mouse;4841.74;1;2024-12-16;4841.74
73;Bruno;19,0;FORTALEZA;Mouse;975.36;9;2025-03-14;975.36975.36975.36975.36975.36975.36975.36975.36975.36
74;Carlos;39,0;SÃO PAULO;Tablet;4035.86;9;2023-08-27;4035.864035.864035.864035.864035.864035.864035.864035.864035.86
75;Julia;26,0;RIO DE JANEIRO;Tablet;4460.61;2;2023-08-05;4460.614460.61
76;João;31,0;CURITIBA;Notebook;1688.61;2;2023-11-06;1688.611688.61
77;Bruno;66,0;MANAUS;Monitor;3074.1;8;2024-07-25;3074.13074.13074.13074.13074.13074.13074.13074.1
78;Julia;55,0;BELO HORIZONTE;Headset;1274.9;3;2023-05-03;1274.91274.91274.9
79;Ana;32,0;MANAUS;Notebook;3282.1;10;2024-08-06;3282.13282.13282.13282.13282.13282.13282.13282.13282.13282.1
80;Carlos;27,0;RIO DE JANEIRO;Tablet;2307.74;9;2025-01-15;2307.742307.742307.742307.742307.742307.742307.742307.742307.74
81;Fernanda;56,0;MANAUS;Smartphone;4455.31;1;2024-12-02;4455.31
82;João;44,0;BELO HORIZONTE;Tablet;721.81;7;2025-06-08;721.81721.81721.81721.81721.81721.81721.81
83;Carlos;27,0;CURITIBA;Monitor;1708.63;9;2024-06-22;1708.631708.631708.631708.631708.631708.631708.631708.631708.63
84;Julia;52,0;SALVADOR;Mouse;2020.4;7;2023-11-27;2020.42020.42020.42020.42020.42020.42020.4
85;Fernanda;29,0;PORTO ALEGRE;Tablet;1899.27;6;2024-12-26;1899.271899.271899.271899.271899.271899.27
86;Maria;19,0;CURITIBA;Teclado;4362.06;1;2024-03-17;4362.06
87;Carlos;40,0;RIO DE JANEIRO;Monitor;4876.23;9;2023-07-08;4876.234876.234876.234876.234876.234876.234876.234876.234876.23
88;Maria;33,0;BELO HORIZONTE;Smartphone;1852.16;7;2023-06-01;1852.161852.161852.161852.161852.161852.161852.16
89;Bruno;19,0;SALVADOR;Headset;3983.14;4;2023-02-09;3983.143983.143983.143983.14
90;Lucas;21,0;PORTO ALEGRE;Tablet;3779.6;8;2023-12-10;3779.63779.63779.63779.63779.63779.63779.63779.6
91;Mariana;44,0;FORTALEZA;Monitor;901.79;7;2023-05-25;901.79901.79901.79901.79901.79901.79901.79
92;Bruno;65,0;FORTALEZA;Headset;4610.45;6;2023-09-18;4610.454610.454610.454610.454610.454610.45
93;Fernanda;46,0;SÃO PAULO;Mouse;2680.07;10;2023-09-27;2680.072680.072680.072680.072680.072680.072680.072680.072680.072680.07
94;Fernanda;50,0;CURITIBA;Mouse;2182.6;10;2024-11-23;2182.62182.62182.62182.62182.62182.62182.62182.62182.62182.6
96;Mariana;57,0;MANAUS;Teclado;795.28;7;2023-11-03;795.28795.28795.28795.28795.28795.28795.28
97;Lucas;44,0;PORTO ALEGRE;Monitor;2315.23;3;2023-07-30;2315.232315.232315.23
98;Julia;60,0;FORTALEZA;Mouse;2859.29;5;2024-03-02;2859.292859.292859.292859.292859.29
99;Pedro;47,0;FORTALEZA;Mouse;1281.82;8;2023-05-23;1281.821281.821281.821281.821281.821281.821281.821281.82
100;João;19,0;SALVADOR;Smartphone;1403.27;4;2024-11-26;1403.271403.271403.271403.27
104;Fernanda;46,0;MANAUS;Notebook;1395.99;9;2025-06-19;1395.991395.991395.991395.991395.991395.991395.991395.991395.99
105;Mariana;23,0;SALVADOR;Smartphone;2588.98;7;2025-02-23;2588.982588.982588.982588.982588.982588.982588.98
106;Mariana;27,0;RIO DE JANEIRO;Monitor;4653.83;5;2025-04-11;4653.834653.834653.834653.834653.83
107;Carlos;35,0;CURITIBA;Tablet;1588.72;4;2024-11-05;1588.721588.721588.721588.72
108;Julia;55,0;RIO DE JANEIRO;Teclado;2507.47;1;2025-05-07;2507.47
109;Ana;38,0;SALVADOR;Mouse;2635.62;1;2023-11-15;2635.62
110;Fernanda;56,0;BELO HORIZONTE;Teclado;2049.12;10;2024-05-19;2049.122049.122049.122049.122049.122049.122049.122049.122049.122049.12
111;Julia;47,0;MANAUS;Notebook;1663.97;9;2023-12-05;1663.971663.971663.971663.971663.971663.971663.971663.971663.97
112;Maria;45,0;SALVADOR;Tablet;906.76;2;2024-05-22;906.76906.76
115;Julia;67,0;MANAUS;Teclado;4009.24;7;2023-11-30;4009.244009.244009.244009.244009.244009.244009.24
116;Lucas;31,0;PORTO ALEGRE;Headset;1496.08;4;2024-04-12;1496.081496.081496.081496.08
117;Julia;32,0;SÃO PAULO;Mouse;1430.29;6;2025-02-17;1430.291430.291430.291430.291430.291430.29
118;Lucas;70,0;FORTALEZA;Teclado;2809.77;7;2024-10-04;2809.772809.772809.772809.772809.772809.772809.77
119;Mariana;44,0;PORTO ALEGRE;Teclado;4852.12;6;2025-08-09;4852.124852.124852.124852.124852.124852.12
120;Lucas;38,0;SÃO PAULO;Tablet;2633.44;2;2025-03-26;2633.442633.44
121;Bruno;60,0;RIO DE JANEIRO;Notebook;1279.4;3;2025-07-09;1279.41279.41279.4
122;Ana;27,0;CURITIBA;Smartphone;1506.97;7;2022-12-10;1506.971506.971506.971506.971506.971506.971506.97
123;Bruno;48,0;SÃO PAULO;Monitor;4743.52;10;2024-02-28;4743.524743.524743.524743.524743.524743.524743.524743.524743.524743.52
124;Pedro;23,0;RIO DE JANEIRO;Smartphone;3692.16;5;2025-08-06;3692.163692.163692.163692.163692.16
125;João;24,0;MANAUS;Headset;4529.67;5;2025-02-19;4529.674529.674529.674529.674529.67
126;Pedro;41,0;PORTO ALEGRE;Headset;2565.49;9;2022-12-07;2565.492565.492565.492565.492565.492565.492565.492565.492565.49
127;Carlos;53,0;BELO HORIZONTE;Notebook;1859.65;7;2025-05-16;1859.651859.651859.651859.651859.651859.651859.65
128;Fernanda;53,0;PORTO ALEGRE;Smartphone;3306.23;10;2024-11-13;3306.233306.233306.233306.233306.233306.233306.233306.233306.233306.23
129;Bruno;60,0;PORTO ALEGRE;Teclado;533.06;6;2024-11-26;533.06533.06533.06533.06533.06533.06
130;Pedro;40,0;PORTO ALEGRE;Tablet;4849.18;10;2025-04-22;4849.184849.184849.184849.184849.184849.184849.184849.184849.184849.18
131;Fernanda;66,0;BELO HORIZONTE;Notebook;3026,56;5;2023-08-27;3026,563026,563026,563026,563026,56
132;Fernanda;64,0;CURITIBA;Notebook;1772.05;7;2024-06-06;1772.051772.051772.051772.051772.051772.051772.05
133;Fernanda;36,0;PORTO ALEGRE;Smartphone;2667.82;4;2023-08-15;2667.822667.822667.822667.82
134;Ana;40,0;SALVADOR;Mouse;1744.17;7;2025-08-20;1744.171744.171744.171744.171744.171744.171744.17
135;João;50,0;SÃO PAULO;Monitor;1745.98;9;2025-01-02;1745.981745.981745.981745.981745.981745.981745.981745.981745.98
136;Lucas;60,0;MANAUS;Headset;4784.85;9;2025-05-28;4784.854784.854784.854784.854784.854784.854784.854784.854784.85
137;Pedro;24,0;PORTO ALEGRE;Teclado;1347.62;8;2025-03-27;1347.621347.621347.621347.621347.621347.621347.621347.62
138;Carlos;53,0;SALVADOR;Tablet;1581.36;3;2025-08-13;1581.361581.361581.36
140;Lucas;32,0;SALVADOR;Teclado;4145.13;9;2025-01-18;4145.134145.134145.134145.134145.134145.134145.134145.134145.13
141;Mariana;53,0;RIO DE JANEIRO;Notebook;1938.14;9;2024-09-12;1938.141938.141938.141938.141938.141938.141938.141938.141938.14
142;Julia;70,0;PORTO ALEGRE;Monitor;614.55;8;2024-06-24;614.55614.55614.55614.55614.55614.55614.55614.55
143;Fernanda;61,0;SÃO PAULO;Notebook;1830.22;5;2024-10-13;1830.221830.221830.221830.221830.22
144;Bruno;19,0;RIO DE JANEIRO;Monitor;2320.7;5;2023-06-16;2320.72320.72320.72320.72320.7
145;Bruno;60,0;SÃO PAULO;Smartphone;3123.61;10;2023-06-02;3123.613123.613123.613123.613123.613123.613123.613123.613123.613123.61
146;Julia;35,0;SÃO PAULO;Teclado;4172,07;6;2024-04-05;4172,074172,074172,074172,074172,074172,07
147;Carlos;44,0;SÃO PAULO;Mouse;3710.16;7;2024-08-13;3710.163710.163710.163710.163710.163710.163710.16
148;Bruno;66,0;SALVADOR;Headset;3372.41;3;2024-05-11;3372.413372.413372.41
149;Julia;39,0;SÃO PAULO;Notebook;4733.01;2;2023-09-15;4733.014733.01
150;Julia;29,0;FORTALEZA;Monitor;1850.88;4;2023-06-10;1850.881850.881850.881850.88
151;Fernanda;54,0;CURITIBA;Monitor;3459.27;8;2025-07-27;3459.273459.273459.273459.273459.273459.273459.273459.27
152;Lucas;22,0;CURITIBA;Notebook;1822.03;3;2024-09-24;1822.031822.031822.03
153;Lucas;58,0;BELO HORIZONTE;Headset;3834.14;2;2025-06-07;3834.143834.14
154;Lucas;23,0;SALVADOR;Teclado;30156.399999999998;4;2023-04-18;30156.39999999999830156.39999999999830156.39999999999830156.399999999998
155;Pedro;31,0;FORTALEZA;Smartphone;47611.6;9;2023-07-22;47611.647611.647611.647611.647611.647611.647611.647611.647611.6
156;João;47,0;BELO HORIZONTE;Smartphone;3444.96;7;2022-12-28;3444.963444.963444.963444.963444.963444.963444.96
157;Pedro;41,0;PORTO ALEGRE;Tablet;1504.98;6;2025-04-01;1504.981504.981504.981504.981504.981504.98
158;Julia;38,0;SÃO PAULO;Tablet;2392.13;9;2025-07-02;2392.132392.132392.132392.132392.132392.132392.132392.132392.13
159;João;54,0;PORTO ALEGRE;Mouse;2172.57;10;2024-11-29;2172.572172.572172.572172.572172.572172.572172.572172.572172.572172.57
160;Bruno;21,0;CURITIBA;Tablet;2586.92;1;2023-06-26;2586.92
161;Maria;66,0;PORTO ALEGRE;Mouse;741.55;3;2024-07-23;741.55741.55741.55
162;Pedro;61,0;PORTO ALEGRE;Headset;3111.41;7;2025-06-16;3111.413111.413111.413111.413111.413111.413111.41
163;Pedro;46,0;MANAUS;Teclado;2624.99;1;2024-02-19;2624.99
164;Fernanda;49,0;SALVADOR;Mouse;1039.17;2;2024-05-04;1039.171039.17
165;Lucas;44,0;BELO HORIZONTE;Teclado;2884.27;3;2025-02-24;2884.272884.272884.27
166;Mariana;66,0;SÃO PAULO;Tablet;4418.82;8;2025-02-13;4418.824418.824418.824418.824418.824418.824418.824418.82
167;Bruno;40,0;PORTO ALEGRE;Tablet;4965.57;10;2023-02-23;4965.574965.574965.574965.574965.574965.574965.574965.574965.574965.57
168;Mariana;36,0;BELO HORIZONTE;Headset;4942.36;7;2023-04-20;4942.364942.364942.364942.364942.364942.364942.36
169;Lucas;55,0;FORTALEZA;Tablet;4939.92;2;2024-12-15;4939.924939.92
170;João;60,0;RIO DE JANEIRO;Smartphone;4380.77;2;2023-05-15;4380.774380.77
171;Pedro;32,0;CURITIBA;Notebook;863.65;5;2024-08-03;863.65863.65863.65863.65863.65
172;Lucas;56,0;SALVADOR;Smartphone;4939.88;4;2023-05-03;4939.884939.884939.884939.88
173;Pedro;31,0;PORTO ALEGRE;Smartphone;761.06;6;2025-08-16;761.06761.06761.06761.06761.06761.06
174;Julia;31,0;SÃO PAULO;Mouse;1442.22;2;2025-04-26;1442.221442.22
175;Maria;66,0;SALVADOR;Mouse;3093.26;10;2022-12-05;3093.263093.263093.263093.263093.263093.263093.263093.263093.263093.26
176;Lucas;38,0;SALVADOR;Monitor;4033.45;1;2023-07-04;4033.45
177;Ana;49,0;CURITIBA;Notebook;1082.33;7;2023-08-28;1082.331082.331082.331082.331082.331082.331082.33
178;Bruno;29,0;SÃO PAULO;Smartphone;2432.34;7;2024-12-17;2432.342432.342432.342432.342432.342432.342432.34
179;Maria;52,0;SALVADOR;Notebook;2648.3;10;2024-07-30;2648.32648.32648.32648.32648.32648.32648.32648.32648.32648.3
181;Ana;60,0;MANAUS;Headset;3787.97;5;2022-12-04;3787.973787.973787.973787.973787.97
182;Ana;22,0;SALVADOR;Headset;4514.03;10;2024-06-01;4514.034514.034514.034514.034514.034514.034514.034514.034514.034514.03
183;Bruno;65,0;SALVADOR;Tablet;2889.65;1;2024-12-18;2889.65
186;Fernanda;38,0;CURITIBA;Monitor;1518.2;8;2025-02-06;1518.21518.21518.21518.21518.21518.21518.21518.2
187;João;54,0;MANAUS;Tablet;1904.42;1;2024-05-14;1904.42
188;Ana;58,0;MANAUS;Mouse;2765.01;4;2023-08-07;2765.012765.012765.012765.01
189;Mariana;25,0;CURITIBA;Smartphone;793.79;9;2023-07-01;793.79793.79793.79793.79793.79793.79793.79793.79793.79
191;Fernanda;57,0;SÃO PAULO;Tablet;2551.67;4;2024-03-13;2551.672551.672551.672551.67
192;Fernanda;62,0;SALVADOR;Headset;2858.53;1;2023-10-17;2858.53
193;Fernanda;23,0;SÃO PAULO;Tablet;3590.51;10;2025-01-27;3590.513590.513590.513590.513590.513590.513590.513590.513590.513590.51
194;Julia;24,0;PORTO ALEGRE;Mouse;4982.63;9;2024-05-01;4982.634982.634982.634982.634982.634982.634982.634982.634982.63
195;Maria;55,0;SALVADOR;Notebook;3875.52;9;2024-07-26;3875.523875.523875.523875.523875.523875.523875.523875.523875.52
196;Ana;23,0;PORTO ALEGRE;Notebook;4581.02;4;2023-10-01;4581.024581.024581.024581.02
197;Lucas;37,0;SALVADOR;Smartphone;586.06;10;2022-12-18;586.06586.06586.06586.06586.06586.06586.06586.06586.06586.06
198;Fernanda;32,0;CURITIBA;Mouse;4931.96;3;2024-10-13;4931.964931.964931.96
199;João;28,0;MANAUS;Teclado;598.61;1;2023-01-13;598.61
200;João;58,0;MANAUS;Tablet;1054.23;6;2024-10-02;1054.231054.231054.231054.231054.231054.23
201;Carlos;50,0;CURITIBA;Mouse;4064.57;4;2025-03-19;4064.574064.574064.574064.57
202;Fernanda;67,0;MANAUS;Teclado;3381.44;1;2023-11-23;3381.44
203;João;64,0;SÃO PAULO;Teclado;3304.11;3;2023-08-14;3304.113304.113304.11
204;Mariana;59,0;RIO DE JANEIRO;Monitor;715,82;2;2025-07-16;715,82715,82
205;Ana;33,0;SÃO PAULO;Notebook;4262.54;5;2023-07-28;4262.544262.544262.544262.544262.54
207;Maria;56,0;SALVADOR;Mouse;2499.41;6;2024-02-13;2499.412499.412499.412499.412499.412499.41
208;Mariana;66,0;BELO HORIZONTE;Mouse;1637.32;7;2024-03-13;1637.321637.321637.321637.321637.321637.321637.32
209;Lucas;29,0;MANAUS;Tablet;1424.73;7;2025-04-25;1424.731424.731424.731424.731424.731424.731424.73
210;João;58,0;MANAUS;Smartphone;541.87;10;2024-12-12;541.87541.87541.87541.87541.87541.87541.87541.87541.87541.87
211;Pedro;66,0;SÃO PAULO;Notebook;954.41;4;2024-04-23;954.41954.41954.41954.41
212;João;55,0;PORTO ALEGRE;Teclado;3302.59;9;2023-11-14;3302.593302.593302.593302.593302.593302.593302.593302.593302.59
213;Bruno;54,0;FORTALEZA;Smartphone;2384.72;1;2024-10-27;2384.72
214;Carlos;57,0;FORTALEZA;Tablet;2802.13;2;2025-02-06;2802.132802.13
215;Mariana;58,0;PORTO ALEGRE;Headset;1772.18;2;2024-08-24;1772.181772.18
216;Mariana;46,0;BELO HORIZONTE;Monitor;2739.83;9;2023-03-04;2739.832739.832739.832739.832739.832739.832739.832739.832739.83
217;Mariana;46,0;RIO DE JANEIRO;Notebook;4000.82;5;2025-07-06;4000.824000.824000.824000.824000.82
218;Pedro;68,0;SALVADOR;Teclado;4879.04;9;2023-03-28;4879.044879.044879.044879.044879.044879.044879.044879.044879.04
219;Bruno;21,0;FORTALEZA;Tablet;2343.9;10;2023-10-16;2343.92343.92343.92343.92343.92343.92343.92343.92343.92343.9
220;Carlos;22,0;FORTALEZA;Tablet;2966.62;6;2025-01-17;2966.622966.622966.622966.622966.622966.62
221;Fernanda;46,0;RIO DE JANEIRO;Mouse;3596.92;6;2022-12-06;3596.923596.923596.923596.923596.923596.92
222;Fernanda;44,0;PORTO ALEGRE;Smartphone;1555.27;5;2025-05-05;1555.271555.271555.271555.271555.27
224;Mariana;23,0;SALVADOR;Headset;996.94;10;2023-11-19;996.94996.94996.94996.94996.94996.94996.94996.94996.94996.94
225;Carlos;50,0;RIO DE JANEIRO;Mouse;2723.47;4;2024-06-10;2723.472723.472723.472723.47
226;Lucas;55,0;SÃO PAULO;Headset;4007.87;8;2024-09-30;4007.874007.874007.874007.874007.874007.874007.874007.87
227;Mariana;68,0;PORTO ALEGRE;Monitor;3756.09;7;2025-08-13;3756.093756.093756.093756.093756.093756.093756.09
228;Mariana;20,0;MANAUS;Teclado;3399.52;10;2025-03-10;3399.523399.523399.523399.523399.523399.523399.523399.523399.523399.52
229;Ana;69,0;SÃO PAULO;Monitor;4897.81;1;2023-06-07;4897.81
230;Mariana;30,0;RIO DE JANEIRO;Smartphone;725,36;5;2024-11-19;725,36725,36725,36725,36725,36
231;João;48,0;PORTO ALEGRE;Notebook;4433.63;3;2024-01-08;4433.634433.634433.63
232;Pedro;21,0;CURITIBA;Headset;2120,97;7;2025-04-28;2120,972120,972120,972120,972120,972120,972120,97
233;Pedro;69,0;RIO DE JANEIRO;Notebook;2416.98;9;2024-07-19;2416.982416.982416.982416.982416.982416.982416.982416.982416.98
234;Lucas;39,0;SÃO PAULO;Mouse;4330.61;2;2023-06-12;4330.614330.61
235;João;23,0;MANAUS;Mouse;543.53;9;2024-12-23;543.53543.53543.53543.53543.53543.53543.53543.53543.53
236;Maria;29,0;RIO DE JANEIRO;Smartphone;3412.39;2;2025-08-19;3412.393412.39
237;Pedro;44,0;FORTALEZA;Notebook;4525.37;9;2022-12-10;4525.374525.374525.374525.374525.374525.374525.374525.374525.37
238;Maria;46,0;SÃO PAULO;Notebook;1707.39;5;2025-07-16;1707.391707.391707.391707.391707.39
239;Bruno;57,0;CURITIBA;Notebook;2176.8;6;2024-01-11;2176.82176.82176.82176.82176.82176.8
240;João;41,0;SALVADOR;Mouse;1012.24;2;2023-06-18;1012.241012.24
241;Maria;42,0;PORTO ALEGRE;Mouse;2554.42;9;2023-09-21;2554.422554.422554.422554.422554.422554.422554.422554.422554.42
242;Ana;39,0;FORTALEZA;Smartphone;3604.56;5;2024-04-29;3604.563604.563604.563604.563604.56
243;Carlos;21,0;SALVADOR;Smartphone;2397.83;9;2023-09-24;2397.832397.832397.832397.832397.832397.832397.832397.832397.83
244;Fernanda;59,0;PORTO ALEGRE;Smartphone;1250.5;10;2023-12-27;1250.51250.51250.51250.51250.51250.51250.51250.51250.51250.5
245;Mariana;39,0;CURITIBA;Mouse;3768.85;5;2025-03-23;3768.853768.853768.853768.853768.85
246;Fernanda;61,0;BELO HORIZONTE;Headset;4299.57;8;2024-08-13;4299.574299.574299.574299.574299.574299.574299.574299.57
247;Lucas;34,0;RIO DE JANEIRO;Tablet;4600.52;7;2023-07-01;4600.524600.524600.524600.524600.524600.524600.52
248;Ana;60,0;CURITIBA;Teclado;3060.25;10;2025-05-29;3060.253060.253060.253060.253060.253060.253060.253060.253060.253060.25
249;Pedro;56,0;PORTO ALEGRE;Teclado;3250.95;8;2024-12-17;3250.953250.953250.953250.953250.953250.953250.953250.95
250;Lucas;39,0;RIO DE JANEIRO;Teclado;3251.11;4;2025-03-20;3251.113251.113251.113251.11
251;Lucas;60,0;PORTO ALEGRE;Notebook;4459.78;6;2024-04-04;4459.784459.784459.784459.784459.784459.78
252;Fernanda;40,0;CURITIBA;Monitor;4512.93;8;2025-05-27;4512.934512.934512.934512.934512.934512.934512.934512.93
253;João;59,0;FORTALEZA;Monitor;2696.55;8;2023-09-26;2696.552696.552696.552696.552696.552696.552696.552696.55
254;Pedro;43,0;MANAUS;Tablet;2483.1;10;2023-12-04;2483.12483.12483.12483.12483.12483.12483.12483.12483.12483.1
256;Mariana;37,0;PORTO ALEGRE;Notebook;555.62;8;2023-01-18;555.62555.62555.62555.62555.62555.62555.62555.62
257;Pedro;59,0;PORTO ALEGRE;Notebook;2861.68;2;2022-12-10;2861.682861.68
258;Carlos;70,0;FORTALEZA;Notebook;3756.98;5;2023-07-13;3756.983756.983756.983756.983756.98
259;João;62,0;RIO DE JANEIRO;Smartphone;4800.93;2;2023-11-27;4800.934800.93
260;Bruno;65,0;BELO HORIZONTE;Teclado;2835.95;7;2025-06-28;2835.952835.952835.952835.952835.952835.952835.95
261;Pedro;51,0;BELO HORIZONTE;Headset;3282.08;4;2025-06-28;3282.083282.083282.083282.08
262;Maria;60,0;CURITIBA;Mouse;3769.93;4;2024-08-29;3769.933769.933769.933769.93
263;Lucas;41,0;RIO DE JANEIRO;Smartphone;3486.7;6;2023-11-07;3486.73486.73486.73486.73486.73486.7
264;Maria;44,0;FORTALEZA;Notebook;1168.95;7;2025-03-24;1168.951168.951168.951168.951168.951168.951168.95
265;João;31,0;FORTALEZA;Mouse;4514.28;6;2023-09-10;4514.284514.284514.284514.284514.284514.28
266;Ana;67,0;RIO DE JANEIRO;Mouse;552,4;9;2024-02-26;552,4552,4552,4552,4552,4552,4552,4552,4552,4
267;Maria;32,0;MANAUS;Mouse;2775.05;9;2023-06-10;2775.052775.052775.052775.052775.052775.052775.052775.052775.05
268;Lucas;27,0;PORTO ALEGRE;Tablet;2731.26;1;2025-05-11;2731.26
269;Mariana;68,0;RIO DE JANEIRO;Notebook;3881.44;5;2025-04-22;3881.443881.443881.443881.443881.44
270;Mariana;67,0;RIO DE JANEIRO;Notebook;1989.03;4;2024-04-16;1989.031989.031989.031989.03
271;Lucas;65,0;CURITIBA;Headset;2781.18;5;2025-01-02;2781.182781.182781.182781.182781.18
272;Fernanda;20,0;SÃO PAULO;Notebook;2203.87;2;2024-10-08;2203.872203.87
273;João;67,0;PORTO ALEGRE;Smartphone;854.74;7;2024-02-04;854.74854.74854.74854.74854.74854.74854.74
274;Fernanda;56,0;SALVADOR;Monitor;3078.66;6;2023-06-13;3078.663078.663078.663078.663078.663078.66
275;Lucas;28,0;BELO HORIZONTE;Headset;2743.05;2;2023-11-07;2743.052743.05
276;Carlos;62,0;BELO HORIZONTE;Mouse;4913.02;9;2023-07-16;4913.024913.024913.024913.024913.024913.024913.024913.024913.02
277;Lucas;69,0;FORTALEZA;Teclado;579.96;3;2024-09-07;579.96579.96579.96
278;Bruno;64,0;BELO HORIZONTE;Headset;661.24;8;2023-05-27;661.24661.24661.24661.24661.24661.24661.24661.24
279;Bruno;44,0;PORTO ALEGRE;Headset;4216.59;6;2023-02-27;4216.594216.594216.594216.594216.594216.59
280;Fernanda;64,0;FORTALEZA;Notebook;4834.27;6;2024-06-05;4834.274834.274834.274834.274834.274834.27
281;Fernanda;46,0;RIO DE JANEIRO;Headset;4505.5;4;2023-08-09;4505.54505.54505.54505.5
282;João;66,0;SALVADOR;Teclado;3445,68;10;2025-02-12;3445,683445,683445,683445,683445,683445,683445,683445,683445,683445,68
283;Mariana;46,0;MANAUS;Headset;2033.84;5;2025-08-07;2033.842033.842033.842033.842033.84
284;Ana;33,0;SALVADOR;Smartphone;4174.65;3;2023-09-23;4174.654174.654174.65
285;Carlos;69,0;BELO HORIZONTE;Tablet;1993.88;4;2024-08-07;1993.881993.881993.881993.88
286;Julia;30,0;PORTO ALEGRE;Smartphone;3199.78;8;2024-08-27;3199.783199.783199.783199.783199.783199.783199.783199.78
287;Mariana;54,0;PORTO ALEGRE;Smartphone;2134.83;4;2023-08-18;2134.832134.832134.832134.83
288;Lucas;47,0;CURITIBA;Tablet;938.47;4;2025-04-13;938.47938.47938.47938.47
289;Ana;67,0;PORTO ALEGRE;Tablet;509.89;4;2024-12-15;509.89509.89509.89509.89
290;João;51,0;BELO HORIZONTE;Headset;3351.48;5;2023-02-20;3351.483351.483351.483351.483351.48
291;Pedro;28,0;SALVADOR;Smartphone;2964.61;4;2025-07-19;2964.612964.612964.612964.61
292;Mariana;69,0;BELO HORIZONTE;Notebook;978.45;4;2024-04-19;978.45978.45978.45978.45
293;Mariana;34,0;CURITIBA;Monitor;2715.9;4;2023-09-05;2715.92715.92715.92715.9
294;Ana;48,0;MANAUS;Monitor;3841.3;4;2024-06-06;3841.33841.33841.33841.3
295;Lucas;53,0;SALVADOR;Monitor;1644.3;10;2024-02-03;1644.31644.31644.31644.31644.31644.31644.31644.31644.31644.3
296;Mariana;63,0;FORTALEZA;Smartphone;1043.36;6;2024-10-31;1043.361043.361043.361043.361043.361043.36
297;Ana;25,0;PORTO ALEGRE;Teclado;1470.15;3;2024-02-20;1470.151470.151470.15
298;Maria;66,0;SALVADOR;Tablet;1357.6;2;2023-09-15;1357.61357.6
299;Fernanda;46,0;BELO HORIZONTE;Headset;3907.17;2;2024-04-14;3907.173907.17
301;Fernanda;23,0;MANAUS;Monitor;3524.64;8;2024-01-26;3524.643524.643524.643524.643524.643524.643524.643524.64
302;Lucas;32,0;SALVADOR;Headset;4512.89;10;2025-02-18;4512.894512.894512.894512.894512.894512.894512.894512.894512.894512.89
303;Maria;40,0;FORTALEZA;Notebook;3151.92;1;2024-02-19;3151.92
304;Mariana;44,0;RIO DE JANEIRO;Notebook;4837.35;9;2024-09-06;4837.354837.354837.354837.354837.354837.354837.354837.354837.35
306;Fernanda;42,0;BELO HORIZONTE;Headset;2989,52;8;2023-08-10;2989,522989,522989,522989,522989,522989,522989,522989,52
307;João;41,0;SALVADOR;Smartphone;3133.04;6;2024-05-06;3133.043133.043133.043133.043133.043133.04
308;Fernanda;38,0;BELO HORIZONTE;Headset;4014.87;10;2024-11-20;4014.874014.874014.874014.874014.874014.874014.874014.874014.874014.87
309;Julia;63,0;PORTO ALEGRE;Smartphone;3613.18;6;2023-03-24;3613.183613.183613.183613.183613.183613.18
310;Carlos;68,0;MANAUS;Teclado;4168.6;8;2023-04-30;4168.64168.64168.64168.64168.64168.64168.64168.6
311;Julia;20,0;PORTO ALEGRE;Mouse;3458.85;10;2023-12-24;3458.853458.853458.853458.853458.853458.853458.853458.853458.853458.85
312;Julia;48,0;CURITIBA;Monitor;1948.3;5;2023-02-04;1948.31948.31948.31948.31948.3
313;João;26,0;RIO DE JANEIRO;Smartphone;2383.99;8;2023-03-31;2383.992383.992383.992383.992383.992383.992383.992383.99
314;Maria;48,0;SALVADOR;Teclado;3616.32;3;2024-02-08;3616.323616.323616.32
315;Julia;18,0;CURITIBA;Mouse;2290.41;9;2025-03-17;2290.412290.412290.412290.412290.412290.412290.412290.412290.41
316;Carlos;19,0;SÃO PAULO;Monitor;1823.78;5;2025-06-19;1823.781823.781823.781823.781823.78
317;Fernanda;27,0;PORTO ALEGRE;Mouse;1121.81;7;2024-03-03;1121.811121.811121.811121.811121.811121.811121.81
318;Lucas;64,0;CURITIBA;Notebook;4488.97;4;2025-03-23;4488.974488.974488.974488.97
319;Carlos;45,0;PORTO ALEGRE;Headset;4293.83;10;2024-05-25;4293.834293.834293.834293.834293.834293.834293.834293.834293.834293.83
320;Bruno;36,0;RIO DE JANEIRO;Mouse;1912.6;3;2024-10-30;1912.61912.61912.6
321;Ana;25,0;SALVADOR;Teclado;2991.12;1;2023-05-12;2991.12
322;Fernanda;44,0;PORTO ALEGRE;Tablet;1443.71;9;2024-12-02;1443.711443.711443.711443.711443.711443.711443.711443.711443.71
323;João;68,0;BELO HORIZONTE;Headset;3589.75;7;2024-02-21;3589.753589.753589.753589.753589.753589.753589.75
324;Julia;22,0;SÃO PAULO;Monitor;1097.02;8;2024-08-18;1097.021097.021097.021097.021097.021097.021097.021097.02
325;Lucas;49,0;FORTALEZA;Mouse;4888.31;9;2024-05-21;4888.314888.314888.314888.314888.314888.314888.314888.314888.31
326;Julia;19,0;RIO DE JANEIRO;Headset;2941.21;1;2025-08-28;2941.21
327;João;54,0;BELO HORIZONTE;Tablet;3696.59;9;2023-06-26;3696.593696.593696.593696.593696.593696.593696.593696.593696.59
328;Carlos;27,0;CURITIBA;Monitor;3030.26;6;2023-11-14;3030.263030.263030.263030.263030.263030.26
329;Bruno;18,0;SALVADOR;Monitor;4742.03;7;2024-03-28;4742.034742.034742.034742.034742.034742.034742.03
330;Ana;33,0;CURITIBA;Tablet;3534.1;3;2024-08-05;3534.13534.13534.1
331;Bruno;29,0;MANAUS;Headset;2902.56;8;2023-08-08;2902.562902.562902.562902.562902.562902.562902.562902.56
332;Fernanda;23,0;MANAUS;Tablet;2400.74;2;2025-02-20;2400.742400.74
334;Ana;51,0;RIO DE JANEIRO;Notebook;2213.92;8;2025-08-09;2213.922213.922213.922213.922213.922213.922213.922213.92
337;Julia;44,0;SALVADOR;Smartphone;4034.89;1;2024-08-21;4034.89
338;Mariana;20,0;BELO HORIZONTE;Notebook;3575.26;4;2023-06-26;3575.263575.263575.263575.26
339;Fernanda;41,0;PORTO ALEGRE;Mouse;779.15;7;2023-12-02;779.15779.15779.15779.15779.15779.15779.15
340;Fernanda;19,0;SALVADOR;Mouse;1418.0;10;2024-12-27;1418.01418.01418.01418.01418.01418.01418.01418.01418.01418.0
341;Ana;22,0;BELO HORIZONTE;Tablet;2114.07;2;2024-10-04;2114.072114.07
342;Pedro;64,0;PORTO ALEGRE;Notebook;3272.49;6;2023-08-21;3272.493272.493272.493272.493272.493272.49
343;Lucas;24,0;SALVADOR;Mouse;3028.48;6;2025-06-25;3028.483028.483028.483028.483028.483028.48
344;Bruno;65,0;PORTO ALEGRE;Headset;3412.04;10;2023-10-24;3412.043412.043412.043412.043412.043412.043412.043412.043412.043412.04
345;Maria;26,0;SALVADOR;Monitor;2799.15;5;2022-12-12;2799.152799.152799.152799.152799.15
346;Lucas;44,0;RIO DE JANEIRO;Tablet;3632.58;3;2024-02-24;3632.583632.583632.58
347;Fernanda;70,0;BELO HORIZONTE;Mouse;711.41;9;2023-05-13;711.41711.41711.41711.41711.41711.41711.41711.41711.41
348;Fernanda;67,0;SALVADOR;Monitor;2374.55;5;2024-07-28;2374.552374.552374.552374.552374.55
349;João;62,0;FORTALEZA;Smartphone;3583.17;4;2025-02-15;3583.173583.173583.173583.17
350;Ana;29,0;MANAUS;Smartphone;742.11;5;2024-03-10;742.11742.11742.11742.11742.11
351;Mariana;22,0;CURITIBA;Notebook;1413.89;8;2023-09-29;1413.891413.891413.891413.891413.891413.891413.891413.89
352;Pedro;47,0;PORTO ALEGRE;Smartphone;4372.0;10;2024-04-06;4372.04372.04372.04372.04372.04372.04372.04372.04372.04372.0
353;Maria;44,0;CURITIBA;Teclado;1514.97;6;2023-07-06;1514.971514.971514.971514.971514.971514.97
354;Lucas;68,0;MANAUS;Smartphone;3692.95;6;2024-02-11;3692.953692.953692.953692.953692.953692.95
355;Bruno;20,0;FORTALEZA;Tablet;3147.73;3;2025-03-24;3147.733147.733147.73
356;Ana;37,0;RIO DE JANEIRO;Monitor;1384.11;8;2023-12-10;1384.111384.111384.111384.111384.111384.111384.111384.11
357;Bruno;70,0;CURITIBA;Mouse;1370.74;7;2024-11-12;1370.741370.741370.741370.741370.741370.741370.74
358;Carlos;34,0;FORTALEZA;Mouse;4925.54;4;2024-10-02;4925.544925.544925.544925.54
359;João;44,0;CURITIBA;Teclado;4831.14;7;2024-07-05;4831.144831.144831.144831.144831.144831.144831.14
360;Pedro;36,0;PORTO ALEGRE;Notebook;1037.09;6;2023-11-11;1037.091037.091037.091037.091037.091037.09
362;Fernanda;44,0;PORTO ALEGRE;Smartphone;1689.08;7;2025-05-07;1689.081689.081689.081689.081689.081689.081689.08
363;João;35,0;BELO HORIZONTE;Monitor;4307.06;5;2025-05-22;4307.064307.064307.064307.064307.06
365;Fernanda;43,0;BELO HORIZONTE;Mouse;4718.73;3;2023-10-24;4718.734718.734718.73
367;Bruno;29,0;CURITIBA;Tablet;3185.96;3;2025-07-15;3185.963185.963185.96
368;Lucas;49,0;MANAUS;Mouse;3314.15;10;2023-04-26;3314.153314.153314.153314.153314.153314.153314.153314.153314.153314.15
369;Carlos;69,0;PORTO ALEGRE;Mouse;1855.2;4;2023-01-11;1855.21855.21855.21855.2
370;Fernanda;69,0;MANAUS;Smartphone;2975.72;2;2025-04-18;2975.722975.72
371;Fernanda;45,0;MANAUS;Smartphone;3684.57;5;2025-02-27;3684.573684.573684.573684.573684.57
372;Pedro;56,0;MANAUS;Smartphone;4806,44;4;2023-03-18;4806,444806,444806,444806,44
373;Fernanda;29,0;RIO DE JANEIRO;Monitor;4038.16;9;2025-07-27;4038.164038.164038.164038.164038.164038.164038.164038.164038.16
374;Bruno;38,0;SALVADOR;Tablet;2943.86;7;2025-02-03;2943.862943.862943.862943.862943.862943.862943.86
375;Maria;38,0;FORTALEZA;Mouse;2072.31;7;2025-05-11;2072.312072.312072.312072.312072.312072.312072.31
376;Carlos;37,0;FORTALEZA;Teclado;3485.01;4;2024-04-18;3485.013485.013485.013485.01
377;Pedro;63,0;MANAUS;Teclado;1821.08;3;2025-02-13;1821.081821.081821.08
378;Mariana;62,0;MANAUS;Tablet;3282.26;3;2025-05-19;3282.263282.263282.26
379;Bruno;46,0;RIO DE JANEIRO;Monitor;3026.01;8;2025-07-27;3026.013026.013026.013026.013026.013026.013026.013026.01
380;Maria;44,0;FORTALEZA;Notebook;3421.85;1;2024-01-22;3421.85
381;João;40,0;CURITIBA;Teclado;2057.03;3;2023-11-10;2057.032057.032057.03
382;Lucas;45,0;SÃO PAULO;Teclado;3390,19;7;2023-04-25;3390,193390,193390,193390,193390,193390,193390,19
383;Carlos;68,0;MANAUS;Tablet;1597.22;8;2024-07-27;1597.221597.221597.221597.221597.221597.221597.221597.22
385;Bruno;43,0;SALVADOR;Monitor;2216.18;9;2024-04-14;2216.182216.182216.182216.182216.182216.182216.182216.182216.18
386;Lucas;69,0;SÃO PAULO;Smartphone;1010.18;9;2024-03-08;1010.181010.181010.181010.181010.181010.181010.181010.181010.18
387;Ana;28,0;CURITIBA;Monitor;3757.89;6;2023-11-29;3757.893757.893757.893757.893757.893757.89
389;Lucas;61,0;RIO DE JANEIRO;Mouse;3967.22;5;2024-01-02;3967.223967.223967.223967.223967.22
390;Mariana;20,0;SALVADOR;Mouse;2789.31;5;2024-12-09;2789.312789.312789.312789.312789.31
391;Mariana;33,0;CURITIBA;Headset;1833.95;9;2025-07-09;1833.951833.951833.951833.951833.951833.951833.951833.951833.95
392;Fernanda;41,0;PORTO ALEGRE;Monitor;1941.41;10;2024-08-18;1941.411941.411941.411941.411941.411941.411941.411941.411941.411941.41
393;Maria;54,0;BELO HORIZONTE;Tablet;931,8;1;2025-01-14;931,8
394;Fernanda;44,0;SALVADOR;Smartphone;3979.93;7;2023-12-17;3979.933979.933979.933979.933979.933979.933979.93
395;Bruno;46,0;CURITIBA;Headset;3321.2;2;2023-08-24;3321.23321.2
396;Fernanda;41,0;BELO HORIZONTE;Notebook;3332.82;3;2025-06-17;3332.823332.823332.82
397;Julia;22,0;FORTALEZA;Notebook;3584.32;1;2025-08-15;3584.32
398;Julia;51,0;FORTALEZA;Notebook;1425.11;4;2023-01-19;1425.111425.111425.111425.11
399;Bruno;38,0;RIO DE JANEIRO;Smartphone;4453.87;5;2023-01-28;4453.874453.874453.874453.874453.87
400;Bruno;33,0;PORTO ALEGRE;Monitor;2458.57;8;2025-01-27;2458.572458.572458.572458.572458.572458.572458.572458.57
401;Carlos;19,0;FORTALEZA;Smartphone;824.54;2;2023-10-27;824.54824.54
402;Fernanda;49,0;BELO HORIZONTE;Notebook;606.89;8;2024-04-12;606.89606.89606.89606.89606.89606.89606.89606.89
403;Julia;53,0;BELO HORIZONTE;Monitor;670.49;6;2023-01-21;670.49670.49670.49670.49670.49670.49
404;Pedro;67,0;CURITIBA;Headset;1300.96;5;2023-03-01;1300.961300.961300.961300.961300.96
405;Pedro;46,0;PORTO ALEGRE;Notebook;816.99;6;2023-04-29;816.99816.99816.99816.99816.99816.99
406;Mariana;57,0;FORTALEZA;Tablet;4599.44;6;2025-06-08;4599.444599.444599.444599.444599.444599.44
407;Carlos;49,0;PORTO ALEGRE;Monitor;2530.07;9;2024-05-06;2530.072530.072530.072530.072530.072530.072530.072530.072530.07
408;Pedro;26,0;RIO DE JANEIRO;Smartphone;1923.82;9;2023-05-31;1923.821923.821923.821923.821923.821923.821923.821923.821923.82
409;Carlos;46,0;FORTALEZA;Mouse;1032.38;5;2023-11-13;1032.381032.381032.381032.381032.38
411;Julia;23,0;MANAUS;Tablet;784.57;1;2024-08-24;784.57
412;Fernanda;38,0;SÃO PAULO;Teclado;704.83;7;2024-02-04;704.83704.83704.83704.83704.83704.83704.83
413;Carlos;63,0;RIO DE JANEIRO;Smartphone;2109.65;2;2023-07-29;2109.652109.65
414;Carlos;52,0;MANAUS;Mouse;1804.26;6;2023-01-11;1804.261804.261804.261804.261804.261804.26
415;Maria;37,0;CURITIBA;Mouse;3229.55;10;2023-03-01;3229.553229.553229.553229.553229.553229.553229.553229.553229.553229.55
416;Fernanda;63,0;PORTO ALEGRE;Mouse;4670.11;4;2024-06-29;4670.114670.114670.114670.11
417;Ana;62,0;PORTO ALEGRE;Tablet;4199.55;10;2023-05-10;4199.554199.554199.554199.554199.554199.554199.554199.554199.554199.55
419;Bruno;32,0;FORTALEZA;Notebook;1489.4;9;2023-06-07;1489.41489.41489.41489.41489.41489.41489.41489.41489.4
420;Mariana;30,0;BELO HORIZONTE;Smartphone;4085.47;3;2023-09-03;4085.474085.474085.47
421;Julia;33,0;MANAUS;Monitor;1827.4;5;2025-06-30;1827.41827.41827.41827.41827.4
422;João;19,0;SÃO PAULO;Teclado;1841.25;6;2023-05-08;1841.251841.251841.251841.251841.251841.25
423;Fernanda;54,0;MANAUS;Smartphone;4844.14;6;2023-12-06;4844.144844.144844.144844.144844.144844.14
424;João;69,0;BELO HORIZONTE;Mouse;3415.73;9;2024-11-29;3415.733415.733415.733415.733415.733415.733415.733415.733415.73
425;Bruno;26,0;SÃO PAULO;Notebook;550.18;8;2024-03-05;550.18550.18550.18550.18550.18550.18550.18550.18
426;Fernanda;23,0;PORTO ALEGRE;Mouse;1136.18;8;2025-07-18;1136.181136.181136.181136.181136.181136.181136.181136.18
428;Maria;64,0;FORTALEZA;Mouse;2273.37;7;2025-06-17;2273.372273.372273.372273.372273.372273.372273.37
429;Carlos;44,0;FORTALEZA;Tablet;883.07;10;2023-04-27;883.07883.07883.07883.07883.07883.07883.07883.07883.07883.07
430;Maria;70,0;CURITIBA;Notebook;3836.44;5;2024-10-21;3836.443836.443836.443836.443836.44
431;João;26,0;CURITIBA;Tablet;1452.82;8;2025-06-10;1452.821452.821452.821452.821452.821452.821452.821452.82
432;Fernanda;59,0;BELO HORIZONTE;Teclado;4331.56;3;2023-01-04;4331.564331.564331.56
433;Lucas;47,0;FORTALEZA;Teclado;1327.97;3;2025-01-19;1327.971327.971327.97
434;Julia;40,0;SALVADOR;Headset;1637.34;6;2022-12-19;1637.341637.341637.341637.341637.341637.34
435;Mariana;67,0;RIO DE JANEIRO;Monitor;3519.4;7;2024-03-15;3519.43519.43519.43519.43519.43519.43519.4
436;Carlos;55,0;SÃO PAULO;Notebook;744.75;10;2025-05-21;744.75744.75744.75744.75744.75744.75744.75744.75744.75744.75
437;João;26,0;RIO DE JANEIRO;Tablet;4955.34;10;2025-05-17;4955.344955.344955.344955.344955.344955.344955.344955.344955.344955.34
438;Julia;21,0;SALVADOR;Tablet;3401.04;7;2023-08-17;3401.043401.043401.043401.043401.043401.043401.04
439;Bruno;51,0;MANAUS;Tablet;3522.58;2;2025-01-04;3522.583522.58
440;Carlos;28,0;CURITIBA;Smartphone;1388.38;2;2024-03-02;1388.381388.38
441;Julia;63,0;PORTO ALEGRE;Smartphone;4781.93;3;2024-07-30;4781.934781.934781.93
442;Fernanda;51,0;MANAUS;Teclado;3520.83;6;2025-02-15;3520.833520.833520.833520.833520.833520.83
443;Bruno;23,0;PORTO ALEGRE;Headset;1783.12;4;2025-02-12;1783.121783.121783.121783.12
445;Mariana;35,0;CURITIBA;Teclado;2686.38;6;2023-10-26;2686.382686.382686.382686.382686.382686.38
446;João;37,0;BELO HORIZONTE;Headset;3467.4;5;2024-12-17;3467.43467.43467.43467.43467.4
447;Pedro;23,0;BELO HORIZONTE;Teclado;1185.78;5;2024-01-23;1185.781185.781185.781185.781185.78
448;Lucas;28,0;BELO HORIZONTE;Tablet;4134.65;10;2023-11-27;4134.654134.654134.654134.654134.654134.654134.654134.654134.654134.65
449;Pedro;55,0;SÃO PAULO;Smartphone;1258.88;7;2023-01-01;1258.881258.881258.881258.881258.881258.881258.88
450;João;60,0;BELO HORIZONTE;Teclado;4035.47;5;2025-02-26;4035.474035.474035.474035.474035.47
451;Carlos;56,0;SALVADOR;Monitor;3383.77;8;2024-02-04;3383.773383.773383.773383.773383.773383.773383.773383.77
452;João;54,0;BELO HORIZONTE;Teclado;2117.69;6;2023-07-23;2117.692117.692117.692117.692117.692117.69
453;João;44,0;MANAUS;Monitor;1992.03;10;2024-02-04;1992.031992.031992.031992.031992.031992.031992.031992.031992.031992.03
454;Fernanda;23,0;RIO DE JANEIRO;Mouse;2504.11;9;2024-06-29;2504.112504.112504.112504.112504.112504.112504.112504.112504.11
455;Maria;44,0;BELO HORIZONTE;Tablet;2691.37;8;2023-07-26;2691.372691.372691.372691.372691.372691.372691.372691.37
456;Lucas;54,0;PORTO ALEGRE;Smartphone;34049.8;7;2025-05-12;34049.834049.834049.834049.834049.834049.834049.8
457;Ana;31,0;PORTO ALEGRE;Teclado;1762.77;3;2023-07-06;1762.771762.771762.77
458;Ana;44,0;BELO HORIZONTE;Monitor;4510.84;3;2023-11-14;4510.844510.844510.84
459;Julia;19,0;RIO DE JANEIRO;Mouse;3800.95;1;2024-01-16;3800.95
460;Ana;58,0;FORTALEZA;Smartphone;3773.41;3;2024-08-27;3773.413773.413773.41
461;Lucas;59,0;SÃO PAULO;Headset;4323.14;4;2023-10-08;4323.144323.144323.144323.14
462;Julia;48,0;FORTALEZA;Tablet;4156.89;5;2024-05-16;4156.894156.894156.894156.894156.89
463;Julia;69,0;SALVADOR;Teclado;3961.4;2;2023-09-09;3961.43961.4
464;Carlos;37,0;FORTALEZA;Teclado;664.95;4;2023-10-17;664.95664.95664.95664.95
465;Maria;62,0;SALVADOR;Tablet;4522.94;3;2024-06-17;4522.944522.944522.94
466;Pedro;46,0;RIO DE JANEIRO;Smartphone;3442.59;7;2023-03-08;3442.593442.593442.593442.593442.593442.593442.59
467;Bruno;47,0;RIO DE JANEIRO;Smartphone;2266.24;2;2025-05-14;2266.242266.24
468;Carlos;56,0;SÃO PAULO;Teclado;3153.2;2;2025-03-11;3153.23153.2
469;Mariana;63,0;CURITIBA;Notebook;1102.47;2;2023-06-09;1102.471102.47
470;Maria;40,0;PORTO ALEGRE;Teclado;907.49;8;2025-02-25;907.49907.49907.49907.49907.49907.49907.49907.49
471;Maria;26,0;BELO HORIZONTE;Monitor;547.66;9;2024-02-12;547.66547.66547.66547.66547.66547.66547.66547.66547.66
472;Maria;50,0;RIO DE JANEIRO;Headset;4838.0;1;2024-07-13;4838.0
473;João;38,0;RIO DE JANEIRO;Mouse;3578.73;1;2024-03-30;3578.73
474;Mariana;25,0;SALVADOR;Mouse;1131.67;7;2024-09-17;1131.671131.671131.671131.671131.671131.671131.67
475;Carlos;33,0;SÃO PAULO;Monitor;3048,61;9;2023-10-25;3048,613048,613048,613048,613048,613048,613048,613048,613048,61
476;Mariana;21,0;PORTO ALEGRE;Notebook;4424.88;2;2025-03-20;4424.884424.88
477;Pedro;42,0;PORTO ALEGRE;Smartphone;3794.02;2;2024-02-29;3794.023794.02
478;Fernanda;44,0;PORTO ALEGRE;Monitor;681.89;5;2023-12-23;681.89681.89681.89681.89681.89
479;Mariana;28,0;BELO HORIZONTE;Tablet;1542.87;10;2024-06-01;1542.871542.871542.871542.871542.871542.871542.871542.871542.871542.87
480;Maria;54,0;FORTALEZA;Mouse;1553.08;3;2023-01-16;1553.081553.081553.08
481;Pedro;30,0;SALVADOR;Monitor;2830.48;2;2024-09-02;2830.482830.48
482;Fernanda;49,0;BELO HORIZONTE;Smartphone;2246.42;7;2023-02-16;2246.422246.422246.422246.422246.422246.422246.42
483;Lucas;47,0;PORTO ALEGRE;Teclado;4466.98;5;2024-10-10;4466.984466.984466.984466.984466.98
485;Lucas;23,0;PORTO ALEGRE;Notebook;964.51;4;2024-09-30;964.51964.51964.51964.51
486;Ana;50,0;SALVADOR;Headset;3351.05;5;2023-04-16;3351.053351.053351.053351.053351.05
487;Fernanda;33,0;RIO DE JANEIRO;Smartphone;3838.59;8;2024-08-13;3838.593838.593838.593838.593838.593838.593838.593838.59
488;Lucas;40,0;RIO DE JANEIRO;Tablet;3065.72;3;2024-07-02;3065.723065.723065.72
489;Bruno;44,0;SÃO PAULO;Teclado;2203.33;3;2023-07-08;2203.332203.332203.33
490;Maria;56,0;BELO HORIZONTE;Notebook;4542.02;9;2023-11-19;4542.024542.024542.024542.024542.024542.024542.024542.024542.02
491;João;59,0;BELO HORIZONTE;Smartphone;1632.14;3;2024-06-14;1632.141632.141632.14
492;Fernanda;36,0;BELO HORIZONTE;Tablet;1503,05;1;2023-05-06;1503,05
493;Julia;24,0;CURITIBA;Tablet;4177,57;1;2023-08-16;4177,57
494;Mariana;34,0;FORTALEZA;Smartphone;4066.96;6;2024-10-01;4066.964066.964066.964066.964066.964066.96
495;Lucas;66,0;BELO HORIZONTE;Teclado;529.69;6;2023-12-14;529.69529.69529.69529.69529.69529.69
496;Carlos;20,0;FORTALEZA;Notebook;2479.54;8;2024-12-25;2479.542479.542479.542479.542479.542479.542479.542479.54
497;Lucas;54,0;RIO DE JANEIRO;Mouse;2815.44;8;2024-01-30;2815.442815.442815.442815.442815.442815.442815.442815.44
498;Fernanda;41,0;SÃO PAULO;Teclado;1176.08;9;2024-02-17;1176.081176.081176.081176.081176.081176.081176.081176.081176.08
499;Lucas;22,0;PORTO ALEGRE;Teclado;3209.09;5;2025-01-21;3209.093209.093209.093209.093209.09
500;Pedro;46,0;RIO DE JANEIRO;Teclado;3474.99;9;2024-08-09;3474.993474.993474.993474.993474.993474.993474.993474.993474.99
156;João;47,0;BELO HORIZONTE;Smartphone;3444,96;7;2022-12-28;3444,963444,963444,963444,963444,963444,963444,96
69;João;25,0;BELO HORIZONTE;Headset;31440.9;8;2024-02-01;31440.931440.931440.931440.931440.931440.931440.931440.9
